Loan_ID,ApplicantIncome,CoapplicantIncome,LoanAmount,Loan_Amount_Term,Credit_History,Gender_Male,Married_Yes,Dependents_1,Dependents_2,Dependents_3+,Education_Not Graduate,Self_Employed_Yes,Property_Area_Semiurban,Property_Area_Urban,Loan_Status
LP001015,0.1862062972205436,-0.6724171334800307,-0.426198123320942,360.0,1.0,1,1,0,0,0,0,0,0,1,Y
LP001022,-0.35221141541667234,-0.02980751430627058,-0.16372980867588996,360.0,1.0,1,1,1,0,0,0,0,0,1,Y
LP001031,0.03958725293204305,0.09871440952848146,1.1814203038800017,360.0,1.0,1,1,0,1,0,0,0,0,1,Y
LP001035,-0.5020886606893619,0.41830559346423146,-0.5902408199740995,360.0,1.0,1,1,0,1,0,0,0,0,1,Y
LP001051,-0.31148390311431107,-0.6724171334800307,-0.9511347526110461,360.0,1.0,1,0,0,0,0,1,0,0,1,Y
LP001054,-0.5377252339539279,0.7935896110617074,0.26278120262231963,360.0,1.0,1,1,0,0,0,1,1,0,1,Y
LP001055,-0.5253033427017078,-0.6724171334800307,-1.2628158762520454,360.0,1.0,0,0,1,0,0,1,0,1,0,Y
LP001056,-0.18828317839966824,-0.6724171334800307,0.18075985429574087,360.0,0.0,1,1,0,1,0,1,0,0,0,N
LP001059,1.7975903214634672,-0.6724171334800307,2.362527719782736,240.0,1.0,1,1,0,1,0,0,0,0,1,Y
LP001067,-0.4898704069986535,0.3557582571979855,-0.2129426176718372,360.0,1.0,1,0,0,0,0,1,0,1,0,Y
LP001078,-0.34915685199399527,-0.6724171334800307,-0.754283516627257,360.0,1.0,1,0,0,0,0,1,0,0,1,Y
LP001082,-0.5336524827236918,-0.02295301170175047,0.42682389927547715,360.0,1.0,1,1,1,0,0,0,0,1,0,Y
LP001083,-0.13024647336880343,-0.6724171334800307,-1.5744969998930447,180.0,1.0,1,0,0,0,1,0,0,0,1,Y
LP001094,1.50027948165623,-0.6724171334800307,0.4924409779367402,360.0,0.0,1,1,0,1,0,0,0,1,0,N
LP001096,-0.028427692612900273,-0.6724171334800307,-0.19653834800652145,360.0,1.0,0,0,0,0,0,0,0,1,0,Y
LP001099,0.17541350646041787,-0.6724171334800307,-0.08170846034931119,360.0,1.0,1,0,1,0,0,0,0,0,1,Y
LP001105,-0.045329610218380195,0.576815966193759,1.0501861465574758,360.0,1.0,1,1,0,1,0,0,0,0,1,Y
LP001107,-0.20762874674328985,-0.529757798023456,-0.16372980867588996,360.0,1.0,1,1,0,0,1,0,0,1,0,Y
LP001108,0.9001595878809366,2.7188480301062925,2.690613113089051,360.0,1.0,1,1,0,0,0,0,0,0,1,Y
LP001115,-0.7138717246616404,0.8141531188752678,-0.5902408199740995,180.0,1.0,1,0,0,0,0,0,0,1,0,Y
LP001121,-0.5941328384926983,0.021601255227630234,-1.4432628425705187,360.0,1.0,1,1,1,0,0,1,0,0,1,Y
LP001124,-0.554423513997896,-0.6724171334800307,-1.7713482358768338,180.0,1.0,0,0,0,0,1,1,0,0,1,Y
LP001128,-0.18258132667733767,-0.6724171334800307,-0.5738365503087838,360.0,1.0,1,0,0,0,0,0,0,0,1,Y
LP001135,-0.2119051355350378,-0.6724171334800307,-0.1801340783412057,360.0,1.0,0,0,0,0,0,1,0,0,1,Y
LP001149,0.12104227753676558,1.2040029545073487,2.5265704164358938,360.0,1.0,1,1,0,0,0,0,0,0,1,Y
LP001153,-0.9786005546269887,9.609336773300132,0.19716412396105662,360.0,0.0,1,0,0,0,0,0,0,0,0,N
LP001163,-0.0901298737509776,-0.13690911750189727,0.0659299666385306,360.0,1.0,1,1,0,1,0,0,0,0,1,Y
LP001169,0.5486811567115589,0.9341069144543696,2.2805063714561573,360.0,1.0,1,1,0,0,0,0,0,0,1,Y
LP001174,-0.21047967260445513,-0.31555459163220256,-1.2956244155826768,360.0,1.0,1,1,0,0,0,0,0,1,0,Y
LP001176,-0.37949884865925443,0.3480469417679004,-0.1801340783412057,180.0,1.0,1,0,0,0,0,0,0,0,1,Y
LP001177,-0.47398667720073256,-0.6724171334800307,-1.0003475616069935,360.0,1.0,0,0,0,0,0,1,0,1,0,Y
LP001183,0.29413420482180097,-0.3211238749983752,0.9189519892349498,360.0,1.0,1,1,0,1,0,0,0,0,1,Y
LP001185,-0.31311300360640554,0.048590859232928156,0.26278120262231963,360.0,1.0,1,0,0,0,0,0,0,1,0,Y
LP001187,-0.41187722093963164,0.4877074323349976,0.36120682061421416,360.0,1.0,1,1,0,0,0,0,0,0,1,Y
LP001190,-0.4206336360846393,-0.012242851382187801,-0.5738365503087838,360.0,1.0,1,1,0,0,0,0,0,0,1,Y
LP001203,-0.3371422358647987,-0.6724171334800307,0.6564836745898978,360.0,0.0,1,0,0,0,0,0,0,1,0,N
LP001208,0.518135522484788,1.053632303620689,0.8041221015777394,180.0,1.0,1,1,0,1,0,0,0,0,1,Y
LP001210,-0.5169542026797237,0.5236935710087282,-0.754283516627257,360.0,1.0,1,1,0,0,0,0,1,0,1,Y
LP001211,0.20921734167137773,-0.6724171334800307,-0.3277725053290475,360.0,1.0,1,0,0,0,0,0,1,0,1,Y
LP001219,-0.23674891803947817,0.16854465481203004,0.03312142730789909,360.0,1.0,1,0,0,0,0,0,0,0,1,Y
LP001220,0.16767527912296923,-0.3219806878239402,-0.5902408199740995,360.0,1.0,1,1,0,0,0,0,0,0,1,Y
LP001221,-0.23654528047796636,-0.6724171334800307,-0.426198123320942,360.0,1.0,0,0,0,0,0,0,0,0,1,Y
LP001226,-0.6222348219813276,0.19467744599176295,-0.754283516627257,360.0,1.0,1,1,0,0,0,1,0,1,0,Y
LP001230,0.3450435951997526,0.44143953975448685,1.0501861465574758,360.0,1.0,1,0,0,0,0,0,0,1,0,Y
LP001231,-0.2320652541247066,-0.6724171334800307,-0.8527091346191515,360.0,1.0,0,0,0,0,0,0,0,0,1,Y
LP001232,-0.11110454258669365,0.9983678763717455,0.8041221015777394,360.0,1.0,1,1,0,0,0,0,0,0,1,Y
LP001237,-0.13085738605333885,-0.04051767462583324,0.42682389927547715,360.0,1.0,1,1,0,0,0,1,0,0,1,Y
LP001242,-0.4988304597051729,0.14241186363229713,-0.4590066626515735,360.0,1.0,1,0,0,0,0,1,0,1,0,Y
LP001268,0.4045057631612,0.7576034723879769,0.836930640908371,360.0,1.0,1,0,0,0,0,0,0,0,1,Y
LP001270,0.650499937467462,-0.5653155302844041,0.836930640908371,360.0,1.0,1,1,0,0,1,1,1,1,0,Y
LP001284,-0.48600129332992914,0.05887261313970832,-0.19653834800652145,360.0,1.0,1,1,1,0,0,0,0,0,1,Y
LP001287,-0.26586908933566644,-0.31555459163220256,-0.26215542666778446,360.0,1.0,1,1,0,0,1,1,0,1,0,Y
LP001291,-0.26586908933566644,0.6457893986517426,0.39401535994484566,360.0,1.0,1,1,1,0,0,0,0,1,0,Y
LP001298,-0.14042835144439375,-0.24401072069752394,-1.7385396965462023,180.0,1.0,1,1,0,1,0,0,0,0,1,Y
LP001312,0.0992530584550023,-0.6724171334800307,-0.7214749772966256,360.0,1.0,1,1,0,0,0,1,1,0,1,Y
LP001313,-0.4185972604695212,-0.6724171334800307,-0.09811273001462693,360.0,0.0,1,0,0,0,0,0,0,0,1,N
LP001317,-0.08218800885201714,-0.6724171334800307,-0.09811273001462693,360.0,1.0,0,0,0,0,0,1,0,0,0,N
LP001321,-0.24285804488483234,0.8437131613572607,-0.03249565135336392,180.0,1.0,1,1,0,1,0,0,0,1,0,Y
LP001323,-0.41269177118567885,0.8972639629550739,0.6564836745898978,360.0,0.0,0,1,0,1,0,0,0,1,0,N
LP001324,-0.017431264291262728,-0.6724171334800307,-0.754283516627257,180.0,1.0,1,1,0,0,1,0,0,1,0,Y
LP001332,-0.48681584357597635,0.06487030291866341,-0.426198123320942,360.0,1.0,1,1,0,0,0,1,0,1,0,Y
LP001335,0.45012057693984464,-0.5473224609475388,-0.1801340783412057,360.0,1.0,1,1,0,0,0,0,1,0,1,Y
LP001338,0.033070850963665244,-0.6724171334800307,0.8697391802390025,360.0,1.0,0,0,0,1,0,0,0,1,0,Y
LP001347,-0.5507580378906836,-0.02980751430627058,-0.4590066626515735,360.0,0.0,0,0,0,0,0,0,0,0,0,N
LP001348,-0.06426790343897819,-0.6724171334800307,-0.1801340783412057,360.0,1.0,1,1,0,0,1,1,0,0,1,Y
LP001351,-0.38458978769704955,0.862563043519691,0.03312142730789909,360.0,1.0,1,1,0,0,0,0,0,1,0,Y
LP001352,-0.021504015521498856,-0.6724171334800307,-0.01609138168804817,360.0,0.0,1,1,0,0,0,1,0,1,0,N
LP001358,-0.2770691552188158,-0.6724171334800307,-0.09811273001462693,360.0,0.0,1,1,0,0,0,0,0,1,0,N
LP001359,0.5824849919225188,-0.6724171334800307,0.836930640908371,360.0,1.0,1,1,0,0,0,0,0,1,0,Y
LP001361,-0.47805942843096866,1.5145976037746662,0.8533349105736867,360.0,0.0,1,1,0,0,0,0,0,0,0,N
LP001366,-0.31677847971361806,-0.6724171334800307,-0.6722621683006783,360.0,1.0,0,0,0,0,0,0,0,1,0,Y
LP001368,-0.06976611759979696,-0.6724171334800307,-1.1643902582601509,360.0,1.0,1,0,0,0,0,0,0,1,0,Y
LP001375,-0.14714839097428337,0.08800424920891878,0.04952569697321484,60.0,1.0,1,1,1,0,0,0,0,0,1,Y
LP001380,-0.18441406473094393,0.22466589488653843,1.5751227758475799,360.0,1.0,1,1,0,0,0,0,1,0,0,Y
LP001386,-0.011322137445908539,0.862563043519691,0.1315470452997936,360.0,1.0,1,1,0,0,0,1,0,1,0,Y
LP001400,-0.24896717173018654,0.79915889442788,0.3119940116182669,360.0,1.0,1,0,0,0,0,0,0,0,1,Y
LP001407,-0.32920037096583826,0.3416208455761628,0.8205263712430553,360.0,1.0,1,1,0,0,0,0,0,0,1,Y
LP001413,0.31571978634205244,-0.6724171334800307,-1.410454303239887,360.0,1.0,1,0,0,0,0,0,1,0,0,Y
LP001415,-0.28358555718719364,1.063914057527469,-0.1801340783412057,360.0,1.0,1,1,1,0,0,0,0,1,0,Y
LP001419,0.6403180593918718,-0.6724171334800307,0.8041221015777394,360.0,1.0,0,1,0,0,0,0,0,0,1,Y
LP001420,-0.1988723315982822,-0.19988486018092577,0.4432281689407929,360.0,0.0,1,1,0,0,1,0,0,0,1,N
LP001428,13.791028144262812,-0.6724171334800307,3.6748692930079963,360.0,1.0,1,1,0,0,1,0,0,0,1,Y
LP001445,-0.13635560021415763,-0.6724171334800307,0.21356839362637237,480.0,0.0,1,1,0,1,0,1,0,0,0,N
LP001446,0.7419332025862632,-0.6724171334800307,1.9852295174804737,360.0,1.0,1,1,0,0,0,0,0,0,0,Y
LP001450,-0.0711915805303796,-0.6724171334800307,-0.08170846034931119,180.0,0.0,1,1,0,0,0,0,0,1,0,N
LP001452,-0.03474045701976627,2.754834168780023,-0.5574322806434681,180.0,1.0,1,1,0,1,0,0,0,0,0,Y
LP001455,-0.25141082246832824,0.14883795982403475,-0.01609138168804817,360.0,1.0,1,1,0,0,0,0,0,0,1,Y
LP001466,-0.35424779103179044,-0.6724171334800307,-0.6722621683006783,360.0,1.0,1,0,0,0,0,0,0,1,0,Y
LP001471,-0.3198330431362951,0.1908217882767204,-0.9675390222763618,360.0,1.0,1,0,0,1,0,1,0,1,0,Y
LP001472,0.05139823149972782,-0.6724171334800307,1.0501861465574758,360.0,1.0,0,0,0,0,0,0,0,0,0,Y
LP001475,-0.32940400852735,0.30691992614077973,-0.09811273001462693,360.0,1.0,1,1,0,0,0,0,1,0,0,Y
LP001483,1.7741720018896094,-0.6724171334800307,4.166997382967469,360.0,1.0,1,1,0,0,1,0,0,0,0,Y
LP001486,-0.08992623618946578,0.3985988984762362,0.8041221015777394,360.0,1.0,1,1,1,0,0,0,0,1,0,Y
LP001490,-0.008063936461719637,0.03273982195997541,-0.5902408199740995,360.0,1.0,1,1,0,1,0,1,0,1,0,Y
LP001496,-0.040035033619073235,0.3270550275415576,-0.2129426176718372,360.0,0.0,1,1,1,0,0,0,0,1,0,N
LP001499,0.296170580436919,-0.6724171334800307,-0.426198123320942,360.0,1.0,0,1,0,0,1,0,0,1,0,Y
LP001500,-0.2998765621081381,1.1268898002064975,1.968825247815158,360.0,1.0,1,1,1,0,0,0,0,0,1,Y
LP001501,-0.26586908933566644,0.7199037080631162,0.0659299666385306,360.0,1.0,1,1,0,0,0,0,0,1,0,Y
LP001517,1.0005529057062572,-0.6724171334800307,-1.230007336921414,360.0,1.0,1,1,0,0,1,0,0,0,1,Y
LP001527,0.4132621783062077,-0.6724171334800307,0.8533349105736867,360.0,1.0,1,1,0,0,1,0,0,1,0,Y
LP001534,-0.07200613077642683,-0.6724171334800307,-0.08170846034931119,360.0,1.0,1,0,0,0,0,0,0,0,0,Y
LP001542,-0.5179723904872827,-0.6724171334800307,-0.1801340783412057,480.0,0.0,0,1,0,0,0,0,0,1,0,N
LP001547,-0.18421042716943212,-0.6724171334800307,-0.3277725053290475,360.0,1.0,1,1,1,0,0,0,0,0,1,Y
LP001548,-0.431426426844765,-0.6724171334800307,-1.410454303239887,180.0,1.0,1,1,0,1,0,1,0,0,0,Y
LP001558,-0.521841504156007,0.28421438626330686,-0.47541093231688925,360.0,1.0,1,0,0,0,0,0,0,1,0,Y
LP001561,-0.2827710069411464,-0.12105808022894451,1.0501861465574758,360.0,1.0,0,1,0,0,0,0,0,1,0,Y
LP001563,-0.6535950064541457,0.08157815301718117,-0.27855969633310024,360.0,0.0,1,0,0,0,0,0,0,0,1,N
LP001567,-0.05958423952420664,-0.6724171334800307,-0.26215542666778446,360.0,1.0,1,1,0,0,1,0,0,0,0,Y
LP001568,-0.06223152782386013,-0.6724171334800307,0.0659299666385306,360.0,1.0,1,1,0,0,0,0,0,1,0,Y
LP001573,-0.05754786390908858,-0.09406847622364659,0.4760367082714244,360.0,1.0,1,1,0,0,0,1,0,0,1,Y
LP001584,-0.012951237938002989,-0.6724171334800307,-0.4590066626515735,360.0,1.0,0,0,0,0,0,0,1,1,0,Y
LP001587,-0.14735202853579518,-0.6724171334800307,-0.7050707076313097,360.0,1.0,1,1,0,0,0,0,0,1,0,Y
LP001589,-0.2827710069411464,-0.6724171334800307,-0.5574322806434681,360.0,1.0,0,0,0,0,0,0,0,0,1,Y
LP001591,-0.3835715998894905,0.7824510443293622,-0.22934688733715297,360.0,1.0,0,1,0,1,0,0,0,1,0,Y
LP001599,-0.13004283580729165,1.3642269528880062,0.39401535994484566,360.0,1.0,1,1,0,0,0,0,0,0,0,Y
LP001601,-0.11456638113239435,1.0939025064222445,0.3448025509488984,360.0,1.0,1,0,0,0,1,0,0,1,0,Y
LP001607,-0.9786005546269887,0.08157815301718117,0.7221007532511607,360.0,1.0,0,0,0,0,0,1,0,1,0,Y
LP001611,-0.6698860113750903,0.5699614635892388,-0.9183262132804146,360.0,0.0,1,1,1,0,0,0,0,0,0,N
LP001613,-0.619791171243186,0.4697143629981323,-0.5246237413128365,360.0,0.0,0,0,0,0,0,0,0,0,1,N
LP001622,-0.8311669600924408,0.831289375386568,1.2634416522065806,360.0,0.0,1,1,0,1,0,0,0,0,0,N
LP001627,-0.34223317490259386,-0.6724171334800307,-1.1643902582601509,360.0,1.0,1,0,0,0,0,0,0,0,1,Y
LP001650,-0.5035141236199445,0.9568124543318424,0.16435558463042513,360.0,1.0,1,1,0,0,0,0,0,0,0,Y
LP001651,-0.2964147235624374,-0.004103129539320172,-0.01609138168804817,360.0,1.0,1,1,0,0,1,0,0,0,1,Y
LP001652,-0.46950665084747284,2.0753815981069677,0.836930640908371,360.0,0.0,1,0,0,0,0,0,0,0,0,N
LP001655,1.5668689642705906,-0.6724171334800307,2.690613113089051,360.0,0.0,0,0,0,0,0,0,0,0,1,N
LP001660,-0.028224055051388464,-0.6724171334800307,-0.26215542666778446,360.0,1.0,1,0,0,0,0,0,0,1,0,Y
LP001662,0.3450435951997526,-0.6724171334800307,-1.0659646402682563,360.0,0.0,1,0,0,0,0,0,0,0,1,N
LP001663,0.5486811567115589,-0.6724171334800307,1.4602928881903696,360.0,1.0,1,1,0,1,0,0,0,0,1,Y
LP001667,-0.3528223281012078,-0.6724171334800307,-1.082368909933572,180.0,1.0,1,0,0,0,0,0,0,0,1,Y
LP001695,-0.3023202128462798,0.2220954564098434,-1.082368909933572,360.0,1.0,1,1,1,0,0,1,0,1,0,Y
LP001703,-0.2998765621081381,-0.12834098924624712,-0.19653834800652145,360.0,1.0,1,1,0,0,0,0,0,0,1,Y
LP001718,-0.28806558354045336,-0.6724171334800307,-0.06530419068399543,360.0,1.0,1,0,0,0,0,0,0,0,0,Y
LP001728,-0.2978401864930201,-0.022524605288967964,-0.5082194716475208,360.0,1.0,1,1,1,0,0,0,1,0,0,Y
LP001735,-0.24143258195424971,-0.6724171334800307,-0.754283516627257,360.0,1.0,0,0,1,0,0,0,0,0,1,Y
LP001737,-0.1640503085797633,-0.6724171334800307,-0.8691134042844674,84.0,1.0,1,0,0,0,0,0,0,0,1,Y
LP001739,-0.11151181770971726,-0.6724171334800307,-0.1801340783412057,360.0,1.0,1,1,0,0,0,0,0,0,1,Y
LP001742,-0.06223152782386013,-0.6724171334800307,0.18075985429574087,360.0,1.0,1,1,0,1,0,0,0,0,0,Y
LP001757,-0.5684745057422107,0.5806716239088016,-0.26215542666778446,360.0,1.0,1,1,1,0,0,0,0,0,0,Y
LP001769,-0.2998765621081381,-0.13690911750189727,-0.426198123320942,360.0,1.0,1,0,0,0,0,0,0,1,0,Y
LP001771,-0.14714839097428337,-0.6724171334800307,-0.5410280109781522,360.0,1.0,0,0,0,0,1,0,0,1,0,Y
LP001785,-0.016005801360680083,-0.6724171334800307,0.22997266329168814,360.0,0.0,1,0,0,0,0,0,0,0,0,N
LP001787,-0.3495641271170189,0.612373698454707,-0.5902408199740995,240.0,1.0,1,1,0,0,1,0,0,0,0,Y
LP001789,0.40491303828422365,-0.44621854753086715,0.04952569697321484,360.0,0.0,1,1,0,0,1,1,0,0,1,N
LP001791,5.537801413750814,-0.6724171334800307,6.79168052941799,360.0,1.0,1,1,0,0,0,0,1,1,0,Y
LP001794,1.2390124902365824,-0.6724171334800307,2.034442326476421,12.0,1.0,1,1,0,1,0,0,1,0,0,Y
LP001797,1.6566731288972971,-0.6724171334800307,0.22997266329168814,300.0,1.0,0,0,0,0,0,0,0,0,1,Y
LP001815,-0.31148390311431107,-0.6724171334800307,-0.754283516627257,360.0,1.0,1,0,0,0,0,1,0,1,0,Y
LP001817,0.7936571432102619,-0.6724171334800307,1.03378187689216,360.0,0.0,1,0,0,0,0,1,1,0,0,N
LP001818,-0.012951237938002989,-0.36524973551497336,0.04952569697321484,360.0,1.0,1,1,1,0,0,0,0,1,0,Y
LP001822,0.22286105829266875,-0.6724171334800307,0.22997266329168814,360.0,1.0,1,0,0,0,0,0,0,0,1,Y
LP001827,-0.3532296032242314,1.1735860991997908,0.7221007532511607,360.0,1.0,1,0,0,0,0,0,0,0,1,Y
LP001831,-0.41187722093963164,-0.048657396468700875,-0.3769853143249947,360.0,1.0,1,1,0,0,0,0,0,0,1,Y
LP001842,0.03958725293204305,-0.6724171334800307,0.19716412396105662,360.0,1.0,1,0,0,0,0,0,0,0,0,Y
LP001853,-0.47704124062340963,0.33862200068668524,-0.31136823566373173,360.0,0.0,1,1,1,0,0,1,0,0,1,N
LP001855,0.010059806512831128,-0.6724171334800307,-1.0495603706029406,360.0,1.0,1,1,0,1,0,0,0,0,0,Y
LP001857,-0.6529840937696103,0.387460331743891,-0.1801340783412057,300.0,1.0,1,0,0,0,0,1,1,1,0,Y
LP001862,-0.11395546844785893,1.146596495194493,1.2798459218718963,360.0,1.0,1,1,0,1,0,0,1,0,1,Y
LP001867,-0.09623900059633178,0.3090619582046923,-0.048899921018679675,350.0,1.0,1,1,0,0,0,0,0,0,0,Y
LP001878,0.20718096605625966,0.41102268444692885,0.836930640908371,360.0,1.0,1,0,1,0,0,0,0,1,0,Y
LP001881,0.6291179935087224,-0.6724171334800307,0.11514277563447786,360.0,1.0,1,1,0,0,0,1,0,0,0,Y
LP001886,-0.13350467435299235,1.150880559322318,1.1978245735453175,360.0,1.0,1,0,0,0,0,0,0,0,0,Y
LP001906,-0.37501882230599465,-0.6724171334800307,-0.8527091346191515,360.0,0.0,1,0,0,0,0,0,0,1,0,N
LP001909,0.15830795129342615,-0.6724171334800307,-0.3277725053290475,360.0,1.0,1,0,0,0,0,0,0,0,1,Y
LP001911,-0.4271500380530171,-0.6724171334800307,-1.1643902582601509,360.0,1.0,0,0,0,0,0,0,0,0,0,Y
LP001921,-0.3310331090194445,0.3429060648145103,-0.9183262132804146,240.0,1.0,1,0,1,0,0,0,0,0,0,Y
LP001923,-0.5167505651182119,-0.6724171334800307,0.5580580565980032,360.0,0.0,1,0,0,0,0,1,0,1,0,N
LP001933,-0.7462500969420176,0.1916786011022854,-0.26215542666778446,360.0,0.0,1,0,0,1,0,1,0,0,1,N
LP001943,-0.3591350925080738,0.6843459758021682,-0.01609138168804817,360.0,1.0,1,1,0,0,0,0,0,0,1,Y
LP001950,-0.6222348219813276,0.5849556880366266,-0.688666437965994,360.0,0.0,0,1,0,0,1,0,0,1,0,N
LP001959,-0.25283628539891084,-0.6724171334800307,-0.9347304829457304,360.0,1.0,0,1,1,0,0,0,0,0,0,Y
LP001961,-0.17260308616325917,-0.6724171334800307,-0.426198123320942,360.0,1.0,0,0,0,0,0,0,0,0,0,Y
LP001973,-0.06569336636956083,-0.6724171334800307,-0.09811273001462693,360.0,1.0,1,1,0,1,0,1,0,0,0,Y
LP001975,0.08540570427219947,-0.6724171334800307,0.11514277563447786,360.0,1.0,1,1,0,0,0,0,0,0,0,Y
LP001979,-0.3642260315458689,0.546399110886201,0.3776110902795299,180.0,0.0,1,0,0,0,0,0,0,0,1,N
LP001995,-0.48355764259178746,0.10728253778413159,-0.426198123320942,360.0,0.0,1,1,0,0,0,1,0,0,0,N
LP001999,0.02166714751900409,1.3042500550984553,0.39401535994484566,360.0,1.0,1,1,0,1,0,0,0,0,0,Y
LP002007,-0.46950665084747284,0.7554614403240643,-0.08170846034931119,360.0,1.0,1,1,0,1,0,1,0,0,1,Y
LP002009,-0.3843861501355378,-0.6724171334800307,-1.1643902582601509,360.0,1.0,0,0,0,0,0,0,0,0,0,Y
LP002016,0.06565286080555426,-0.6724171334800307,0.11514277563447786,360.0,1.0,1,1,0,1,0,0,0,0,0,Y
LP002017,2.13949778724179,-0.6724171334800307,0.836930640908371,360.0,1.0,1,1,0,0,1,0,0,0,1,Y
LP002018,-0.17260308616325917,0.4551485449635271,0.39401535994484566,360.0,1.0,1,1,0,1,0,0,0,1,0,Y
LP002027,-0.09603536303481998,0.5892397521644517,0.4760367082714244,360.0,1.0,1,1,0,0,0,0,0,1,0,Y
LP002028,-0.09114806155853662,-0.6724171334800307,-0.426198123320942,360.0,1.0,1,1,0,1,0,0,0,0,1,Y
LP002042,-0.1640503085797633,1.0056507853890482,0.6072708655939505,360.0,1.0,0,1,1,0,0,0,0,0,0,Y
LP002045,1.0915788957020347,-0.35111232389315067,0.22997266329168814,360.0,1.0,1,1,0,0,1,0,0,0,1,Y
LP002046,-0.06569336636956083,-0.6724171334800307,-0.01609138168804817,360.0,1.0,1,1,0,0,0,1,0,1,0,Y
LP002047,-0.05795513903211219,-0.1651839407455427,0.22997266329168814,360.0,1.0,1,1,0,1,0,1,0,1,0,Y
LP002056,0.8881449717517401,-0.6724171334800307,1.624335584843527,360.0,1.0,1,1,0,1,0,0,0,1,0,Y
LP002057,1.6855896626319737,-0.6724171334800307,-0.1801340783412057,360.0,1.0,1,1,0,0,0,1,0,0,0,Y
LP002059,0.6248416047169745,1.0270711060281734,3.281166821040418,360.0,1.0,1,1,0,1,0,0,0,0,0,Y
LP002062,-0.09623900059633178,-0.6724171334800307,-0.06530419068399543,84.0,1.0,0,1,1,0,0,0,0,0,0,Y
LP002064,-0.14714839097428337,-0.6724171334800307,-0.6558578986353626,360.0,1.0,1,0,0,0,0,0,0,0,1,Y
LP002069,-0.20783238430480167,0.575102340542629,0.7221007532511607,360.0,0.0,1,1,0,1,0,1,0,0,0,N
LP002070,-0.43814646637465465,0.18353887925941778,-0.13092126934525844,360.0,0.0,1,1,0,0,1,1,0,0,0,N
LP002077,1.0577750604910747,0.47999611690491245,4.527891315604416,360.0,1.0,1,1,1,0,0,0,0,1,0,Y
LP002083,0.20921734167137773,-0.6724171334800307,-0.3277725053290475,360.0,1.0,1,0,0,0,0,0,1,0,1,Y
LP002090,-0.0019548096163654466,-0.6724171334800307,-0.360581044659679,360.0,0.0,1,1,1,0,0,0,0,1,0,N
LP002096,-0.571325431603376,0.013033126971980098,-0.3441767749943632,360.0,1.0,1,1,0,0,0,1,0,0,0,Y
LP002099,-0.46136114838700054,-0.37253264453227597,-0.5246237413128365,360.0,0.0,1,1,0,1,0,0,0,0,1,N
LP002102,-0.5916891877545566,-0.05465508624765597,-0.7870920559578886,360.0,1.0,1,1,0,0,0,0,1,0,0,Y
LP002105,0.7942680558947973,-0.6724171334800307,-0.4590066626515735,480.0,1.0,1,1,0,0,0,0,1,0,0,Y
LP002107,-0.39721531651078157,-0.44022085775191205,-0.754283516627257,360.0,1.0,1,1,0,0,1,1,0,0,1,Y
LP002111,-0.3644296691073807,-0.11548879686277193,-0.5902408199740995,360.0,1.0,1,1,0,0,0,0,0,0,1,Y
LP002117,-0.33530949781119246,0.34461969046564034,-0.4590066626515735,360.0,1.0,0,1,0,0,0,0,0,1,0,Y
LP002118,-0.5841545979786198,-0.17889294595458294,-0.9511347526110461,360.0,1.0,0,0,0,0,0,0,0,1,0,Y
LP002123,-0.4464956063966387,0.3630411662152881,-0.2129426176718372,360.0,1.0,1,1,0,0,0,0,0,1,0,Y
LP002125,0.031441750471570794,0.44143953975448685,0.836930640908371,360.0,1.0,1,1,1,0,0,0,0,1,0,Y
LP002148,-0.35261869053969597,-0.2084529884365759,0.16435558463042513,360.0,1.0,1,1,1,0,0,0,0,1,0,Y
LP002152,-0.12067550797774855,-0.6724171334800307,-0.9183262132804146,360.0,1.0,0,0,0,0,0,0,0,0,1,Y
LP002165,-0.5635872042659273,1.052775490795124,-0.5902408199740995,360.0,1.0,1,0,1,0,0,1,0,0,0,Y
LP002167,-0.4976086343361021,-0.6724171334800307,-1.3284329549133085,360.0,1.0,0,0,0,0,0,0,0,0,1,Y
LP002168,0.10739856091547456,0.3557582571979855,1.0501861465574758,360.0,0.0,1,0,0,0,0,0,0,0,0,N
LP002172,0.11778407655257668,-0.6724171334800307,0.22997266329168814,360.0,1.0,1,1,0,0,1,0,1,1,0,Y
LP002176,0.18376264648240193,-0.6724171334800307,0.22997266329168814,360.0,1.0,1,0,0,0,0,0,0,0,0,Y
LP002183,-0.21414514871166765,0.9208263156581118,-0.29496396599841596,360.0,1.0,1,1,0,0,0,1,0,0,0,Y
LP002184,-0.385200700381585,0.2400885257467087,0.22997266329168814,300.0,1.0,1,1,0,0,0,1,0,0,1,Y
LP002186,-0.4192081731540567,0.3806058291393709,-0.29496396599841596,36.0,1.0,1,1,0,0,0,1,0,1,0,Y
LP002192,0.615881552010455,0.26279406562418156,1.2470373825412648,360.0,1.0,1,1,0,0,0,0,0,0,0,Y
LP002195,-0.26444362640508384,0.6762062539593006,1.2470373825412648,360.0,1.0,1,1,1,0,0,0,1,0,0,Y
LP002208,-0.2155706116422503,0.24394418346175123,-0.1801340783412057,360.0,1.0,1,1,1,0,0,0,0,0,1,Y
LP002212,-0.5375215963924161,0.2555111566068789,-0.4590066626515735,360.0,1.0,1,1,0,0,0,0,0,0,1,Y
LP002240,-0.26586908933566644,0.25636796943244394,0.21356839362637237,360.0,1.0,1,1,0,0,0,1,0,0,0,Y
LP002245,-0.3888661764887975,-0.6724171334800307,-0.9183262132804146,480.0,1.0,1,1,0,1,0,1,0,0,1,Y
LP002253,0.05221278174577504,-0.6724171334800307,0.26278120262231963,300.0,1.0,0,0,1,0,0,0,0,0,0,Y
LP002256,0.07705656425021541,-0.6724171334800307,0.836930640908371,360.0,0.0,0,0,0,1,0,0,1,1,0,N
LP002257,-0.4603429605794415,-0.6724171334800307,-1.0167518312723092,360.0,1.0,0,0,0,0,0,0,0,0,1,Y
LP002264,-0.4587138600873471,0.08500540431944123,-0.5574322806434681,360.0,1.0,1,1,0,0,0,0,0,0,1,Y
LP002270,-0.2789018932724221,0.9593828928085374,-0.5902408199740995,360.0,1.0,1,1,1,0,0,0,0,0,0,Y
LP002279,-0.4874267562605118,0.5078425337357754,-0.09811273001462693,360.0,1.0,1,0,0,0,0,0,0,0,0,Y
LP002286,0.07624201400416819,-0.6724171334800307,-0.1801340783412057,360.0,0.0,1,1,0,0,1,1,0,0,1,N
LP002294,2.0578391250755557,5.542474696755795,-0.09811273001462693,360.0,1.0,1,0,0,0,0,0,0,1,0,Y
LP002298,-0.39619712870322255,0.6076612279140995,0.03312142730789909,360.0,1.0,1,0,0,0,0,0,1,0,1,Y
LP002306,-0.7397336949736398,0.010462688495285057,-1.7713482358768338,180.0,1.0,1,1,0,0,0,0,0,0,0,Y
LP002310,0.5690449128627395,-0.6724171334800307,-0.7214749772966256,360.0,1.0,0,0,1,0,0,0,0,1,0,Y
LP002311,-0.5393543344460224,0.09357353257509136,-0.5246237413128365,360.0,1.0,0,1,0,0,0,0,0,0,1,Y
LP002316,-0.5242851548941487,0.5159822555786431,0.6564836745898978,360.0,0.0,1,0,0,0,0,0,0,0,1,N
LP002321,-0.515528739749141,1.5600086835296119,-0.31136823566373173,360.0,0.0,0,0,0,0,0,0,0,1,0,N
LP002325,0.2770286496548092,5.317989736457761,-0.5574322806434681,360.0,1.0,1,1,0,1,0,1,0,0,0,Y
LP002326,-0.46685936254781935,-0.19688601529144822,-0.47541093231688925,360.0,1.0,1,1,0,1,0,1,0,1,0,Y
LP002329,-0.09623900059633178,-0.6724171334800307,-1.1479859885948351,480.0,1.0,1,0,0,0,0,0,0,0,1,Y
LP002333,-0.1958177681756051,-0.6724171334800307,-0.5082194716475208,360.0,1.0,1,0,0,0,0,1,0,0,1,Y
LP002339,-0.18706135303059743,-0.022524605288967964,-0.5082194716475208,360.0,0.0,1,1,0,0,0,0,0,1,0,N
LP002344,-0.2638327137205484,-0.3176966236961151,-0.5082194716475208,360.0,1.0,1,1,0,0,0,0,0,1,0,Y
LP002346,-0.46156478594851236,0.0575873939013608,-0.1801340783412057,360.0,0.0,1,1,0,0,0,0,0,0,0,N
LP002354,-0.5495362125216127,-0.6724171334800307,-1.1807945279254666,360.0,1.0,0,0,0,0,0,1,0,1,0,Y
LP002355,-0.32981128365037365,0.674921034720953,0.22997266329168814,180.0,0.0,1,1,0,0,0,0,0,1,0,N
LP002358,0.03958725293204305,0.2555111566068789,0.22997266329168814,360.0,1.0,1,1,0,1,0,0,1,0,1,Y
LP002360,1.0577750604910747,-0.6724171334800307,-0.1801340783412057,360.0,1.0,1,1,0,0,0,0,0,0,1,Y
LP002375,-0.17565764958593627,-0.6724171334800307,-1.1807945279254666,360.0,1.0,1,1,0,0,0,1,1,1,0,Y
LP002376,-0.38296068720495513,-0.6724171334800307,-1.5744969998930447,180.0,1.0,1,0,0,0,0,0,0,0,0,Y
LP002383,-0.3184075802057125,-0.48520353109407527,0.0987385059691621,480.0,0.0,1,1,0,0,1,0,0,0,1,N
LP002385,-0.19194865450688076,-0.6724171334800307,-1.082368909933572,300.0,1.0,1,1,0,0,0,0,0,1,0,Y
LP002389,-0.1583484568574327,-0.6724171334800307,-0.08170846034931119,360.0,1.0,0,0,1,0,0,0,0,1,0,Y
LP002394,-0.16201393296464522,-0.2333005603779613,-0.26215542666778446,360.0,1.0,1,1,0,1,0,0,0,0,1,Y
LP002397,-0.22127246336458087,0.006607030780242497,-0.360581044659679,360.0,1.0,0,1,1,0,0,0,0,0,1,Y
LP002399,-0.3966044038262461,-0.6724171334800307,-0.2129426176718372,360.0,0.0,1,0,0,0,0,0,0,0,0,N
LP002400,-0.19805778135223495,-0.6724171334800307,-0.7214749772966256,360.0,1.0,0,1,0,0,0,0,0,0,0,Y
LP002402,-0.2998765621081381,1.1645895645313582,0.39401535994484566,360.0,1.0,1,1,0,0,0,0,0,0,1,Y
LP002412,-0.366262407160987,0.9233967541348068,0.24637693295700389,360.0,1.0,1,1,0,0,0,0,0,0,0,Y
LP002415,-0.6018710658301469,1.2909694563021976,-0.9019219436150988,360.0,1.0,0,0,1,0,0,0,0,0,0,Y
LP002417,-0.41004448288602535,0.4495792615973545,0.574462326263319,360.0,1.0,1,1,0,0,1,1,0,1,0,Y
LP002420,-0.37135334619878213,-0.00838719366714524,-0.426198123320942,360.0,1.0,1,1,0,0,0,0,0,1,0,Y
LP002425,-0.2827710069411464,-0.3562532008465407,-0.5902408199740995,360.0,1.0,1,0,0,0,0,0,0,0,0,Y
LP002433,2.8579311042554427,-0.6724171334800307,1.6079313151782113,360.0,1.0,1,1,1,0,0,0,0,0,0,Y
LP002440,-0.3687060578991287,-0.19260195116362314,0.7877178319124237,360.0,1.0,1,1,0,1,0,0,0,0,0,Y
LP002441,-0.24978172197623377,0.7447512800045016,0.03312142730789909,360.0,1.0,1,0,0,0,0,0,0,1,0,Y
LP002442,-0.19765050622921135,-0.07264815558452126,-0.3933895839903105,480.0,0.0,0,1,1,0,0,1,0,0,1,N
LP002445,-0.19378139256048701,0.859135792217431,-0.31136823566373173,360.0,1.0,0,0,1,0,0,1,0,0,0,N
LP002450,0.20921734167137773,-0.35111232389315067,-1.426858572905203,360.0,0.0,1,1,0,1,0,0,0,0,0,N
LP002471,-0.264239988843572,-0.6724171334800307,-0.6066450896394153,360.0,1.0,1,0,0,0,0,0,0,0,0,Y
LP002476,-0.6456531415551853,0.3746081393604158,-0.6066450896394153,360.0,1.0,0,1,0,0,1,1,0,0,1,Y
LP002482,-0.2998765621081381,1.0052223789762655,1.2470373825412648,360.0,1.0,0,0,0,0,0,0,1,0,0,Y
LP002485,4.071000058181273,-0.6724171334800307,1.7063569331701058,360.0,1.0,1,0,1,0,0,0,0,1,0,Y
LP002495,0.17541350646041787,-0.48391831185572776,-0.09811273001462693,360.0,0.0,1,1,0,1,0,0,0,1,0,N
LP002496,-0.26586908933566644,-0.6724171334800307,-0.688666437965994,360.0,0.0,0,0,0,0,0,0,0,1,0,N
LP002523,-0.4139135965547497,-0.031092733544618098,-0.4590066626515735,360.0,1.0,1,1,0,0,1,0,0,1,0,Y
LP002542,0.3450435951997526,-0.6724171334800307,0.1315470452997936,360.0,1.0,1,1,0,0,0,0,0,0,1,Y
LP002550,0.19618453773462213,-0.6724171334800307,-0.426198123320942,180.0,1.0,0,0,0,0,0,0,0,1,0,Y
LP002551,-0.23858165609308443,-0.28256729784794954,0.6564836745898978,360.0,0.0,1,1,0,0,1,1,0,1,0,N
LP002553,4.960896201987867,-0.6724171334800307,0.8041221015777394,360.0,1.0,1,0,0,0,0,0,0,1,0,Y
LP002554,-0.5375215963924161,0.20881485761358567,-0.22934688733715297,360.0,1.0,1,0,0,0,0,0,0,1,0,Y
LP002561,0.03958725293204305,-0.6724171334800307,-0.16372980867588996,360.0,1.0,1,1,0,0,0,0,0,0,0,Y
LP002566,0.1475151605333004,-0.6724171334800307,-0.01609138168804817,360.0,1.0,0,0,0,0,0,0,0,0,1,Y
LP002568,0.8541374989792684,-0.6724171334800307,-0.22934688733715297,360.0,1.0,1,0,0,0,0,1,0,0,0,Y
LP002570,1.0577750604910747,4.325372078040694,5.315296259539572,360.0,1.0,0,1,0,1,0,0,0,0,1,Y
LP002572,0.8032281086013169,-0.6724171334800307,2.641400304093104,360.0,1.0,1,1,1,0,0,0,0,0,1,Y
LP002581,-0.5393543344460224,0.49713237341621275,0.0659299666385306,360.0,1.0,1,1,0,0,0,1,0,0,0,Y
LP002584,-0.5770272833257065,1.189865542885526,-0.491815201982205,360.0,1.0,1,0,0,0,0,0,0,0,0,Y
LP002592,0.03612541438634234,-0.6724171334800307,0.08233423630384634,360.0,1.0,1,0,0,0,0,0,0,0,1,Y
LP002593,0.7183112454508936,1.0412085176499961,-0.1801340783412057,360.0,1.0,1,1,1,0,0,0,0,0,1,Y
LP002599,-0.23186161656319482,0.1843956920849828,0.5580580565980032,360.0,1.0,1,1,0,0,0,0,0,1,0,Y
LP002604,-0.3338840348806098,0.5412582339328109,0.14795131496510935,360.0,1.0,1,1,0,1,0,0,0,0,1,Y
LP002605,-0.31250209092187015,-0.6724171334800307,-0.754283516627257,360.0,1.0,1,0,0,0,0,1,0,0,0,Y
LP002609,-0.5222487792790307,0.1843956920849828,-0.7870920559578886,360.0,0.0,0,1,0,0,0,0,0,0,1,N
LP002610,-0.6136820443978317,0.4264453153070991,-0.13092126934525844,360.0,1.0,1,1,1,0,0,1,0,0,1,Y
LP002612,-0.435702815636513,-0.6724171334800307,-0.8527091346191515,480.0,1.0,0,1,0,0,0,0,0,1,0,Y
LP002614,0.3405635688464928,-0.6724171334800307,-0.4590066626515735,360.0,1.0,1,0,0,0,0,0,0,1,0,Y
LP002630,-0.20314872039003012,-0.6724171334800307,-0.8691134042844674,360.0,1.0,1,0,0,0,0,1,0,0,0,Y
LP002635,-0.21923608774946282,-0.6724171334800307,-0.31136823566373173,360.0,1.0,0,1,0,1,0,1,0,1,0,Y
LP002639,-0.13961380119834654,-0.6724171334800307,-0.13092126934525844,360.0,1.0,1,1,0,1,0,0,0,0,0,Y
LP002644,0.5486811567115589,-0.6724171334800307,-1.0003475616069935,360.0,1.0,1,1,1,0,0,0,1,0,1,Y
LP002651,0.3043160828973913,-0.6724171334800307,-0.1801340783412057,360.0,0.0,1,1,1,0,0,0,0,0,1,N
LP002654,2.073315579750453,-0.6724171334800307,0.6728879442552135,360.0,1.0,0,0,0,0,0,0,1,0,0,Y
LP002657,-0.862527144565259,0.23794649368279613,-1.1151774492642037,360.0,1.0,1,1,1,0,0,1,1,0,0,Y
LP002711,-0.4491428946962922,-0.37253264453227597,-0.6558578986353626,360.0,1.0,1,1,0,0,0,0,0,1,0,Y
LP002712,-0.42205909901522193,-0.2084529884365759,0.7221007532511607,360.0,1.0,1,0,0,1,0,1,0,1,0,Y
LP002721,0.5486811567115589,-0.6724171334800307,0.771313562247108,360.0,1.0,1,1,0,1,0,0,1,0,0,Y
LP002735,-0.192763204752928,-0.6724171334800307,-0.24575115700246872,360.0,1.0,1,1,0,1,0,1,0,0,0,Y
LP002744,0.4112258026910896,-0.6724171334800307,0.42682389927547715,360.0,1.0,1,1,1,0,0,0,0,0,0,Y
LP002745,-0.22351247654121076,1.3410930065977509,-0.06530419068399543,360.0,1.0,1,1,0,0,0,0,0,1,0,Y
LP002746,0.10352944724675024,-0.6724171334800307,0.18075985429574087,360.0,1.0,1,0,0,0,0,0,0,0,1,Y
LP002747,-0.4967940840900549,1.5861414747093447,0.2791854722876354,360.0,0.0,0,0,0,0,1,0,0,0,0,N
LP002754,-0.5578853525435967,0.23066358466549353,-0.5246237413128365,84.0,1.0,1,0,0,0,0,0,0,0,1,Y
LP002759,0.03958725293204305,-0.6724171334800307,0.21356839362637237,360.0,1.0,1,1,0,1,0,0,0,0,0,Y
LP002760,-0.21149786041201418,-0.6724171334800307,-0.03249565135336392,300.0,1.0,0,0,0,0,0,0,0,0,1,Y
LP002766,0.6217870412942974,-0.2958478966442073,0.4760367082714244,180.0,1.0,0,1,0,0,0,0,0,1,0,Y
LP002769,-0.1064208786719221,-0.6724171334800307,-0.26215542666778446,360.0,1.0,0,1,0,0,0,0,0,0,0,Y
LP002774,-0.6324167000569179,0.5699614635892388,-1.1315817189295194,360.0,0.0,1,1,0,0,0,1,0,0,1,N
LP002775,-0.007656661338696025,-0.6724171334800307,-0.1801340783412057,360.0,1.0,1,0,0,0,0,1,0,0,0,Y
LP002781,-0.35078595248608974,0.5005596247184728,-0.26215542666778446,360.0,1.0,1,0,0,0,0,0,0,0,1,Y
LP002782,-0.43549917807500116,-0.011814444969405294,0.19716412396105662,360.0,1.0,1,1,1,0,0,0,0,0,0,Y
LP002786,-0.6432094908170436,0.08243496584274619,0.7385050229164765,360.0,1.0,0,1,0,0,0,1,0,0,1,Y
LP002790,-0.2862328454868471,-0.6724171334800307,-0.9183262132804146,120.0,1.0,1,1,0,0,1,0,0,0,1,Y
LP002791,2.279600429561913,1.469614930432503,-1.5744969998930447,360.0,1.0,1,0,1,0,0,0,0,1,0,Y
LP002793,0.10739856091547456,-0.6724171334800307,-0.754283516627257,360.0,1.0,1,1,0,0,0,0,0,0,0,Y
LP002802,-0.3931425652805454,0.3626127598025056,-0.6722621683006783,6.0,0.0,1,0,0,0,0,0,0,1,0,N
LP002803,-0.4491428946962922,-0.40766197038044155,-0.22934688733715297,360.0,1.0,1,1,1,0,0,1,0,1,0,Y
LP002805,0.04793639295402711,-0.37253264453227597,0.22997266329168814,360.0,1.0,1,1,0,1,0,0,0,0,1,Y
LP002806,0.4383095983721599,-0.06793568504391367,0.22997266329168814,360.0,1.0,1,1,0,0,1,0,1,0,0,Y
LP002816,-0.26586908933566644,0.03788069891336549,-0.5246237413128365,360.0,1.0,1,1,1,0,0,0,0,1,0,Y
LP002823,0.14323877174155247,-0.6724171334800307,0.11514277563447786,360.0,1.0,1,1,0,0,0,0,0,0,0,Y
LP002825,0.996480154476021,-0.6724171334800307,2.690613113089051,360.0,1.0,1,1,0,0,1,0,0,0,1,Y
LP002826,-0.2412289443927379,0.4915630900500401,0.574462326263319,360.0,1.0,0,1,1,0,0,1,0,0,1,Y
LP002843,-0.019671277467892597,-0.6724171334800307,-0.3769853143249947,360.0,1.0,0,1,0,0,0,0,0,1,0,Y
LP002849,-0.6698860113750903,0.16340377785863996,-1.6565183482196235,360.0,1.0,1,1,0,0,0,0,0,1,0,Y
LP002850,-0.4898704069986535,-0.6724171334800307,-1.4760713819011502,360.0,1.0,1,0,0,1,0,0,0,0,1,Y
LP002853,-0.36463330666889254,0.1843956920849828,0.14795131496510935,360.0,1.0,0,0,0,0,0,1,0,0,1,Y
LP002856,-0.5118632636419286,-0.004959942364885186,-0.27855969633310024,360.0,1.0,1,1,0,0,0,0,0,0,1,Y
LP002857,-0.4980159094591257,0.7648863814052794,-0.8034963256232043,240.0,1.0,1,1,1,0,0,0,1,0,0,Y
LP002858,-0.09623900059633178,0.3270550275415576,0.42682389927547715,360.0,0.0,0,0,0,0,0,0,0,0,0,N
LP002860,-0.4444592307815206,1.3972142466722592,-0.22934688733715297,180.0,1.0,1,1,0,0,0,0,1,1,0,Y
LP002867,-0.16975216030209386,1.1590202811651855,0.836930640908371,360.0,1.0,1,0,0,0,0,0,1,0,0,Y
LP002869,-0.2613890629824067,-0.6724171334800307,-0.9019219436150988,180.0,1.0,1,1,0,0,1,1,0,0,0,Y
LP002870,-0.021504015521498856,-0.6724171334800307,-0.9183262132804146,360.0,1.0,1,1,1,0,0,0,0,0,1,Y
LP002876,0.41794584222097925,-0.6724171334800307,0.6564836745898978,360.0,1.0,1,0,0,0,0,0,0,0,0,Y
LP002878,0.7185148830124054,-0.6724171334800307,2.034442326476421,360.0,1.0,1,1,0,0,1,0,0,0,1,Y
LP002879,-0.28806558354045336,0.16982987405037758,-0.048899921018679675,360.0,0.0,1,1,0,0,0,0,0,0,0,N
LP002885,-0.3945680282111281,-0.6724171334800307,-1.082368909933572,360.0,1.0,1,0,0,0,0,1,0,0,1,Y
LP002890,-0.2825673693796346,-0.08121628384017139,-0.01609138168804817,360.0,1.0,1,1,0,1,0,1,0,0,1,Y
LP002891,-0.46950665084747284,-0.5456088352964087,0.016717157642583337,300.0,1.0,1,1,0,0,0,0,1,0,0,Y
LP002899,0.7863261909958369,-0.6724171334800307,1.9360167084845263,360.0,1.0,1,1,0,1,0,0,0,0,0,Y
LP002901,-0.5136960016955348,5.753679058257571,-0.491815201982205,360.0,1.0,1,0,0,0,0,0,0,0,0,Y
LP002907,0.20595914068718882,-0.28256729784794954,-0.44260239298625775,360.0,1.0,1,1,0,0,0,0,0,0,1,Y
LP002920,0.063820122751948,0.9422466362972372,-0.26215542666778446,360.0,1.0,1,1,0,0,0,0,0,0,0,Y
LP002921,0.10393672236977385,-0.592305134289702,0.36120682061421416,180.0,0.0,1,1,0,0,1,1,0,1,0,N
LP002932,0.569655825547275,-0.15276015477485003,1.0009733375615286,360.0,1.0,1,1,0,0,1,0,0,0,1,Y
LP002935,-0.20661055893573083,0.15697768166690237,-0.8363048649538358,360.0,1.0,1,1,1,0,0,0,0,0,1,Y
LP002952,-0.46950665084747284,-0.6724171334800307,-1.2464116065867297,360.0,1.0,1,0,0,0,0,0,0,0,1,Y
LP002954,-0.3408077119720112,-0.6724171334800307,-0.9839432919416776,360.0,1.0,1,1,0,1,0,1,0,0,0,Y
LP002962,-0.1640503085797633,0.4701427694109148,0.26278120262231963,360.0,1.0,1,0,0,0,0,0,0,1,0,Y
LP002965,0.7625005962989556,1.1504521529095355,-0.6558578986353626,360.0,1.0,0,1,0,0,0,0,0,0,1,Y
LP002969,-0.5165469275567001,0.2559395630196614,-0.6066450896394153,360.0,1.0,1,1,1,0,0,0,0,1,0,Y
LP002971,-0.16221757052615704,0.0888610620344838,-0.3769853143249947,360.0,1.0,1,1,0,0,1,1,1,0,1,Y
LP002975,-0.1318755738608979,-0.36867698681723343,-0.3441767749943632,360.0,1.0,1,1,0,0,0,0,0,0,1,Y
LP002980,-0.31677847971361806,0.18139684719550525,-0.16372980867588996,360.0,1.0,1,0,0,0,0,0,0,1,0,Y
LP002986,0.03958725293204305,0.35275941230850794,0.36120682061421416,360.0,1.0,1,1,0,0,0,0,0,0,0,Y
